Pairwise.Comparison,Estimate,T.Value,p.Value,Significance
15 mm - 10 mm,-11.0998376623376,-1.65301081650941,0.36295,NS
20 mm - 10 mm,-2.75176832096473,-0.409799038279328,0.97642,NS
5 mm - 10 mm,-12.0869086270872,-1.80000746916583,0.29004,NS
20 mm - 15 mm,8.34806934137291,1.24321177823008,0.60410,NS
5 mm - 15 mm,-0.987070964749542,-0.146996652656427,0.99885,NS
5 mm - 20 mm,-9.33514030612245,-1.3902084308865,0.51358,NS
