Comparison,Z,P.unadj,P.adj
G1 - G2,0.0516101254761581,0.958839351130803,1
G1 - G3,-3.3030480304741,0.000956400050621132,0.0028692001518634
G2 - G3,-3.35465815595026,0.000794631146441534,0.0023838934393246
