Comparison,Z,P.unadj,P.adj
W000 - W001,-2.1380899352994,0.0325094446457195,0.195056667874317
W000 - W007,1.763924196622,0.0777447424488026,0.466468454692816
W001 - W007,3.9020141319214,9.53955866824229e-05,0.000572373520094537
W000 - W015,-0.160356745147455,0.872600060989729,1
W001 - W015,1.97773319015194,0.0479588139310902,0.287752883586541
W007 - W015,-1.92428094176946,0.0543193781271148,0.325916268762689
