Comparison,Z,P.unadj,P.adj,,,
G1 - G2,0.107763181,0.91418355,1,,,
G1 - G3,-1.293158175,0.195956358,1,,,
G2 - G3,-1.400921356,0.161237592,0.967425551,,,Kruskal-Wallis rank sum test
G1 - G4,-3.783495568,0.000154641,0.000927846,,,
G2 - G4,-3.915477971,9.02E-05,0.000541352,,,data:  Area.mm2 by Garment
G3 - G4,-2.199706725,0.027827709,0.166966256,,,"Kruskal-Wallis chi-squared = 24.205, df = 3, p-value = 2.263e-05"
