Comparison,Z,P.unadj,P.adj,,,
G1 - G2,0.395131664,0.692745721,1,,,
G1 - G3,1.903816201,0.056934126,0.341604754,,,
G2 - G3,1.508684537,0.131379419,0.788276514,,,Kruskal-Wallis rank sum test
G1 - G4,1.481135862,0.138570373,0.83142224,,,
G2 - G4,0.997200382,0.318667256,1,,,data:  Area.mm2 by Garment
G3 - G4,-0.850553267,0.395017559,1,,,"Kruskal-Wallis chi-squared = 4.6267, df = 3, p-value = 0.2013"
