Comparison,Z,P.unadj,P.adj,,,
G1 - G2,2.65815847,0.007856894,0.047141364,,,
G1 - G3,-1.400921356,0.161237592,0.967425551,,,Kruskal-Wallis rank sum test
G2 - G3,-4.059079826,4.93E-05,0.000295599,,,
G1 - G4,0.674576729,0.499944722,1,,,data:  Area.mm2 by Garment
G2 - G4,-2.580989224,0.009851766,0.059110594,,,"Kruskal-Wallis chi-squared = 17.055, df = 3, p-value = 0.0006886"
G3 - G4,2.390347975,0.016832416,0.100994497,,,
