Comparison,Z,P.unadj,P.adj,,,
G1 - G2,1.071646489,0.283878844,1,,,
G1 - G3,1.103924998,0.269625674,1,,,
G2 - G3,0.032278509,0.974249948,1,,,Kruskal-Wallis rank sum test
G1 - G4,0.740583705,0.458945891,1,,,
G2 - G4,-0.571909836,0.56738306,1,,,data:  value by Garment
G3 - G4,-0.611442774,0.540906492,1,,,"Kruskal-Wallis chi-squared = 1.6223, df = 3, p-value = 0.6543"
