Comparison,Z,P.unadj,P.adj,,,
G1 - G2,-1.785202173,0.07422853,0.445371178,,,
G1 - G3,-1.162307889,0.245110423,1,,,
G2 - G3,0.622894283,0.533353995,1,,,Kruskal-Wallis rank sum test
G1 - G4,-2.445955938,0.014446865,0.086681193,,,
G2 - G4,-0.259538733,0.795219601,1,,,data:  value by Garment
G3 - G4,-1.022425312,0.306579646,1,,,"Kruskal-Wallis chi-squared = 6.3722, df = 3, p-value = 0.09484"
