Comparison,Z,P.unadj,P.adj,,,
G1 - G2,0.212704865,0.831557172,1,,,
G1 - G3,-0.360953711,0.718134051,1,,,
G2 - G3,-0.573658576,0.566198865,1,,,
G1 - G4,-3.965528825,7.32E-05,0.0004394,,,Kruskal-Wallis rank sum test
G2 - G4,-4.226038018,2.38E-05,0.000142705,,,
G3 - G4,-3.523452619,0.000425963,0.00255578,,,data:  value by Garment
,,,,,,"Kruskal-Wallis chi-squared = 30.835, df = 3, p-value = 9.21e-07"
