Comparison,Z,P.unadj,P.adj,,,
G1 - G2,-2.103981643,0.035380048,0.21228029,,,
G1 - G3,-0.714195603,0.475106235,1,,,Kruskal-Wallis rank sum test
G2 - G3,1.389786039,0.164593859,0.987563152,,,
G1 - G4,-5.862903671,4.55E-09,2.73E-08,,,data:  value by Garment
G2 - G4,-3.286062944,0.001015983,0.006095898,,,"Kruskal-Wallis chi-squared = 48.992, df = 3, p-value = 1.31e-10"
G3 - G4,-4.988196268,6.09E-07,3.66E-06,,,
